"name","industry","size","country"
"cardinal strategies, llc","civil engineering","11-50","united states"
"grail research","research","201-500","united states"
"mdn productions","events services","11-50","united states"
"hopkinton middle school","education management","51-200","united states"
"parthenon management group","non-profit organization management","11-50","united states"
"kfs, inc.","logistics and supply chain","11-50","united states"
"kpb architects","architecture & planning","11-50","united states"
"seaboard properties","real estate","11-50","united states"
"ballard manufacturing","food production","11-50","united states"
"cross shore capital management, llc","investment management","11-50","united states"
"hci general contractors","construction","11-50","united states"
"norris products corp","consumer goods","11-50","united states"
"glendale elementary","education management","11-50","united states"
"columbia water center","education management","11-50","united states"
"church point wholesale","wholesale","11-50","united states"
"ct lien solutions","information services","201-500","united states"
"global tissue group, inc.","paper & forest products","11-50","united states"
"full service insurance","insurance","11-50","united states"
"nw natural","utilities","1001-5000","united states"
"bank design & equipment, inc.","banking","11-50","united states"
"special needs network, inc.","health, wellness and fitness","11-50","united states"
"national records centers, inc.","information services","11-50","united states"
"northeast power coordinating council","utilities","11-50","united states"
"leaders for today","hospital & health care","51-200","united states"
"national marine fisheries service","research","11-50","united states"
"futurederm, inc.","cosmetics","11-50","united states"
"sakhi for south asian women","non-profit organization management","11-50","united states"
"rehab west, inc. (rwi)","health, wellness and fitness","11-50","united states"
"wireless revolution","telecommunications","51-200","united states"
"flothemes","internet","11-50","united states"
"agmus ventures, inc","higher education","51-200","united states"
"jmf solutions","telecommunications","11-50","united states"
"connectyard inc.","internet","11-50","united states"
"vinology","restaurants","11-50","united states"
"tahoe regional planning agency","government administration","51-200","united states"
"mechanical resource group","construction","51-200","united states"
"aviva healthcare solutions","hospital & health care","11-50","united states"
"the soul care house, inc.","individual & family services","11-50","united states"
"the homer laughlin china company","hospitality","51-200","united states"
"chatham hall","education management","11-50","united states"
"mtpixels","information technology and services","11-50","united states"
"cedar point financial services llc","insurance","11-50","united states"
"alexander consulting","staffing and recruiting","11-50","united states"
"heritage training and shooting center","sporting goods","11-50","united states"
"idea health & fitness","health, wellness and fitness","51-200","united states"
"the gibraltar group","management consulting","11-50","united states"
"pfefferkorn engineering & environmental, llc","civil engineering","11-50","united states"
"capital area health network","hospital & health care","11-50","united states"
"hendrick construction","construction","51-200","united states"
"hasselberg grebe snodgrass urban & wentworth","law practice","11-50","united states"
"sac and fox casino","entertainment","51-200","united states"
"tech data corporation","business supplies and equipment","51-200","united states"
"multicom","telecommunications","11-50","united states"
"wellington management group","staffing and recruiting","11-50","united states"
"hunter real estate group","real estate","11-50","united states"
"la care provider","hospital & health care","51-200","united states"
"impex technologies, inc.","information technology and services","11-50","united states"
"pro marketing","retail","11-50","united states"
"pinnacle home healthcare inc","hospital & health care","11-50","united states"
"k vintners and charles smith wines","wine and spirits","11-50","united states"
"city of kerman","government administration","11-50","united states"
"menominee tribal clinic","hospital & health care","11-50","united states"
"webedoctor","computer software","11-50","united states"
"kingdom builders, llc","construction","11-50","united states"
"detomaso s.p.a.","automotive","11-50","united states"
"vistra communications","public relations and communications","51-200","united states"
"xperience","marketing and advertising","201-500","united states"
"horizons atlanta","non-profit organization management","11-50","united states"
"crush campaigns","marketing and advertising","11-50","united states"
"patel consultants","staffing and recruiting","51-200","united states"
"oneweb satellites","aviation & aerospace","51-200","united states"
"rw beckett corporation","building materials","51-200","united states"
"the king's college","higher education","201-500","united states"
"chimes, inc.","non-profit organization management","501-1000","united states"
"united pipeline systems","construction","51-200","united states"
"connections for the homeless","non-profit organization management","51-200","united states"
"starr associates llp","law practice","11-50","united states"
"alpha q, inc.","aviation & aerospace","11-50","united states"
"waltham athletic club","sports","11-50","united states"
"chasecom","telecommunications","51-200","united states"
"exton behavioral health & rehabilitation","mental health care","11-50","united states"
"surf city squeeze","restaurants","11-50","united states"
"north shore pediatrics","medical practice","11-50","united states"
"olympia medical center","hospital & health care","51-200","united states"
"badgley phelps wealth managers","investment management","11-50","united states"
"rhombus energy solutions","electrical/electronic manufacturing","11-50","united states"
"washington state department of health","government administration","201-500","united states"
"east harlem tutorial program","education management","51-200","united states"
"well-pict berries","farming","11-50","united states"
"greg norman company","sports","11-50","united states"
"northland college","higher education","201-500","united states"
"mark fields & company, realtors","real estate","11-50","united states"
"cabinetmaker warehouse","building materials","11-50","united states"
"taylor industrial sales co., inc.","industrial automation","11-50","united states"
"miller chicago real estate","commercial real estate","11-50","united states"
"c2g","consumer electronics","51-200","united states"
"york traditions bank","banking","51-200","united states"
"ghost robot","entertainment","11-50","united states"
"buccellati","luxury goods & jewelry","51-200","united states"
"morrisville state college","higher education","501-1000","united states"
"panamerican life co","insurance","51-200","united states"
"opportunity for work and learning","non-profit organization management","11-50","united states"
"united way of denton county","non-profit organization management","11-50","united states"
"active network","computer software","1001-5000","united states"
"front door fashion","apparel & fashion","51-200","united states"
"bmw of roxbury","automotive","11-50","united states"
"ico group","information technology and services","51-200","united states"
"pumps, parts & service, inc.","machinery","11-50","united states"
"strike & techel","law practice","11-50","united states"
"elus company","utilities","11-50","united states"
"franklin county medical center","hospital & health care","11-50","united states"
"columbus state university","higher education","1001-5000","united states"
"custom computer specialists","information technology and services","201-500","united states"
"silver bay seafoods, llc","food production","51-200","united states"
"tru architectural","building materials","11-50","united states"
"case engineering inc. (case controls)","industrial automation","11-50","united states"
"us corrugated inc","packaging and containers","11-50","united states"
"brewery branding co.","marketing and advertising","11-50","united states"
"sinvin realty llc","real estate","11-50","united states"
"buroscope bv","civil engineering","11-50","united states"
"brownsburg community school corporation","education management","501-1000","united states"
"datapro, inc.","computer software","51-200","united states"
"travex security","leisure, travel & tourism","51-200","united states"
"parsonskellogg","marketing and advertising","11-50","united states"
"alter communications","publishing","11-50","united states"
"hunter vision","medical practice","11-50","united states"
"herring technology","computer & network security","11-50","united states"
"tri green toy tractor","consumer goods","11-50","united states"
"dominion senior living","hospital & health care","11-50","united states"
"longerdays","human resources","11-50","united states"
"creo, inc.","management consulting","11-50","united states"
"alternatives for children","accounting","11-50","united states"
"southwest microwave","electrical/electronic manufacturing","51-200","united states"
"indi.com","internet","11-50","united states"
"harpers payroll services","financial services","11-50","united states"
"hilton short hills","hospitality","11-50","united states"
"premier legacy real estate, llc","real estate","11-50","united states"
"surefit (a hanger orthopedic group company)","health, wellness and fitness","11-50","united states"
"michigan science center","museums and institutions","11-50","united states"
"aleutian capital group","investment banking","11-50","united states"
"center for human development (chd)","individual & family services","51-200","united states"
"nursecare of buckhead","hospital & health care","11-50","united states"
"stauff corporation","wholesale","11-50","united states"
"roto-rooter corp.","machinery","11-50","united states"
"linzi jay","wholesale","11-50","united states"
"appluent business solutions","computer software","11-50","united states"
"cyclone computers","education management","11-50","united states"
"prudential linn real estate","real estate","11-50","united states"
"all metals fabrication","mining & metals","11-50","united states"
"weichert insurance","insurance","11-50","united states"
"rainbow seafood","food production","11-50","united states"
"diamond comic distributors","consumer goods","201-500","united states"
"blu ampersand, inc","information services","11-50","united states"
"smb machinery","machinery","11-50","united states"
"mega networks pvt.ltd.","computer hardware","11-50","united states"
"science and engineering services, llc","airlines/aviation","501-1000","united states"
"king machine","automotive","11-50","united states"
"three living architecture","architecture & planning","11-50","united states"
"kprs","information technology and services","11-50","united states"
"art house co-op","arts and crafts","11-50","united states"
"priority one ems","hospital & health care","11-50","united states"
"viceroy palm jumeirah dubai","hospitality","51-200","united states"
"song + associates","architecture & planning","11-50","united states"
"watters international","real estate","11-50","united states"
"erg, inc.","staffing and recruiting","51-200","united states"
"gorilla nation media","online media","51-200","united states"
"lamont, hanley & associates","financial services","11-50","united states"
"meuth concrete","construction","11-50","united states"
"velvetech llc","information technology and services","11-50","united states"
"pro bake inc.","food production","11-50","united states"
"flodesign sonics","biotechnology","51-200","united states"
"medical student missions, inc.","philanthropy","11-50","united states"
"ldmi","marketing and advertising","11-50","united states"
"yost realty group at re/max casa grande","real estate","11-50","united states"
"one for all","marketing and advertising","11-50","united states"
"hoffman auto group","automotive","51-200","united states"
"coinspect","information technology and services","11-50","united states"
"hooters restaurants","facilities services","11-50","united states"
"academy mortgage corp.","banking","11-50","united states"
"providence & worcester railroad company","transportation/trucking/railroad","11-50","united states"
"first baptist church of highland park","religious institutions","11-50","united states"
"nc state college of veterinary medicine","veterinary","11-50","united states"
"pkf texas","accounting","201-500","united states"
"sieh, inc. dba united plumbing","construction","11-50","united states"
"national realty corporation","real estate","11-50","united states"
"collabrance, llc","information technology and services","11-50","united states"
"mills communications","telecommunications","11-50","united states"
"pacific coast jet","airlines/aviation","11-50","united states"
"jmu saferides","public safety","11-50","united states"
"klru-tv","broadcast media","51-200","united states"
"approved oil","oil & energy","51-200","united states"
"thinkmojo, inc.","media production","11-50","united states"
"community boating, inc.","recreational facilities and services","11-50","united states"
"central assembly of god","religious institutions","51-200","united states"
"sainta","individual & family services","201-500","united states"
"poppy's catering + events","food & beverages","11-50","united states"
"tristar finance, inc.","financial services","11-50","united states"
"las vegas billboards","marketing and advertising","11-50","united states"
"resolution media","marketing and advertising","11-50","united states"
"my home wholesale, inc.","retail","11-50","united states"
"pro-surve technical services","oil & energy","11-50","united states"
"care provider","hospital & health care","11-50","united states"
"world acceptance corporation (wrld)","financial services","51-200","united states"
"all weather architectural aluminum","building materials","11-50","united states"
"chemring energetic devices (technical ordnance, inc.)","defense & space","11-50","united states"
"on target solutions, llc","telecommunications","11-50","united states"
"west park hospital","hospital & health care","51-200","united states"
"world strides","leisure, travel & tourism","51-200","united states"
"mcdonnell group, inc.","marketing and advertising","11-50","united states"
"security self storage","warehousing","11-50","united states"
"ordermark","information technology and services","11-50","united states"
"elohi strategic advisors","food & beverages","11-50","united states"
"hopkins acura","telecommunications","11-50","united states"
"aspen club and spa","health, wellness and fitness","11-50","united states"
"preferred technology solutions","information technology and services","11-50","united states"
"comtech solutions, inc.","telecommunications","11-50","united states"
"on call nanny","individual & family services","11-50","united states"
"aetc ltd","aviation & aerospace","51-200","united states"
"catholic charities wichita","individual & family services","11-50","united states"
"partnership for maternal & child health of northern new jersey","non-profit organization management","11-50","united states"
"firstpoint energy corp","information technology and services","51-200","united states"
"the hartman group","market research","51-200","united states"
"fitness equipment depot worldwide","mechanical or industrial engineering","11-50","united states"
"global inheritance","non-profit organization management","11-50","united states"
"the yanow companies","electrical/electronic manufacturing","11-50","united states"
"universal plant services","oil & energy","501-1000","united states"
"medicann, inc.","medical practice","11-50","united states"
"rural america onshore outsourcing","outsourcing/offshoring","11-50","united states"
"century 21 northwest realty","real estate","51-200","united states"
"jennifer adams brands, inc.","consumer goods","11-50","united states"
"tony demaria electric","oil & energy","11-50","united states"
"zerma - the home of size reduction","machinery","11-50","united states"
"airelle skin llc","cosmetics","11-50","united states"
"heart center of the rockies","medical practice","11-50","united states"
"kiwibank","banking","1001-5000","united states"
"the hetrick-martin institute hmhs","fine art","11-50","united states"
"cedarhurst living","hospital & health care","51-200","united states"
"shorty's mexican roadhouse","restaurants","11-50","united states"
"nys office of general services","government administration","501-1000","united states"
"dmdickason personnel services","information technology and services","11-50","united states"
"sand hill global advisors","investment management","11-50","united states"
"alcor petrolab","oil & energy","11-50","united states"
"vertican technologies, inc.","computer software","11-50","united states"
"bethany house publishers","publishing","51-200","united states"
"energy panel structures","building materials","51-200","united states"
"integrated consulting & inspection","oil & energy","11-50","united states"
"exatech solutions, inc.","information technology and services","11-50","united states"
"wakefield & associates, inc","financial services","51-200","united states"
"frontier promotions","marketing and advertising","11-50","united states"
"isco industries, inc.","plastics","201-500","united states"
"calder casino and race course","gambling & casinos","51-200","united states"
"dusobox corporation","packaging and containers","11-50","united states"
"modern family law","law practice","11-50","united states"
"rk marketing","marketing and advertising","11-50","united states"
"classic automation","industrial automation","11-50","united states"
"safend","computer & network security","11-50","united states"
"howard l. zimmerman architects, p.c.","architecture & planning","51-200","united states"
"molina fine jewelers","luxury goods & jewelry","11-50","united states"
"meals on wheels of johnson & ellis counties","individual & family services","11-50","united states"
"new home trends","real estate","11-50","united states"
"nyc department of juvenile justice","government administration","11-50","united states"
"arketi group","marketing and advertising","11-50","united states"
"cole carbide industries, inc.com","machinery","11-50","united states"
"great commission ministries","religious institutions","201-500","united states"
"uplink corporation","information technology and services","11-50","united states"
"the catch anaheim","restaurants","11-50","united states"
"nys supreme court officers","judiciary","11-50","united states"
"farmhouse inn and restaurant","hospitality","11-50","united states"
"northern hospitality","hospitality","11-50","united states"
"cfm vr-tesco, llc","mechanical or industrial engineering","11-50","united states"
"caza","architecture & planning","11-50","united states"
"openweathermap","information technology and services","11-50","united states"
"odaat","non-profit organization management","11-50","united states"
"royal docks brewing co.","food & beverages","11-50","united states"
"art league houston","museums and institutions","11-50","united states"
"integrated medical","medical devices","11-50","united states"
"zgames","computer games","11-50","united states"
"back school of atlanta","health, wellness and fitness","11-50","united states"
"flo analytics","information technology and services","11-50","united states"
"@risk technologies, inc.","information technology and services","11-50","united states"
"eckley & associates","law practice","11-50","united states"
"mba hotel brokers","real estate","11-50","united states"
"alliance for education","education management","11-50","united states"
"checkmarx","computer software","201-500","united states"
"comquest","computer software","11-50","united states"
"auracycle","health, wellness and fitness","11-50","united states"
"kildeer countryside ccsd 96","accounting","11-50","united states"
"virtacore","information technology and services","11-50","united states"
"national office furniture","furniture","501-1000","united states"
"englobal","oil & energy","501-1000","united states"
"cal aggie flying farmers","airlines/aviation","11-50","united states"
"brian bell group","consumer goods","11-50","united states"
"travelsmith","apparel & fashion","51-200","united states"
"pathways academy charter school","primary/secondary education","11-50","united states"
"kobe aluminum automotive products llc","automotive","51-200","united states"
"chicago sports and spine","medical practice","11-50","united states"
"sierra pacific warehouse group","logistics and supply chain","11-50","united states"
"stant usa corporation","automotive","201-500","united states"
"oil price information service (opis)","oil & energy","201-500","united states"
"riviera palm springs","hospitality","11-50","united states"
"smithville fiber","telecommunications","51-200","united states"
"madison insurance group, oak ridge, tn","insurance","11-50","united states"
"ventraq, inc.","telecommunications","11-50","united states"
"lanoka harbor emergency medical services","hospital & health care","11-50","united states"
"futureworks career center","non-profit organization management","11-50","united states"
"ion","pharmaceuticals","51-200","united states"
"tennessee bank & trust","banking","11-50","united states"
"myers park presbyterian church","religious institutions","51-200","united states"
"park place surgical hospital","hospital & health care","11-50","united states"
"msa marketing, inc","marketing and advertising","11-50","united states"
"citadel federal credit union","banking","201-500","united states"
"hall-irwin corporation","construction","11-50","united states"
"total ndt, llc.","oil & energy","11-50","united states"
"lpc consulting associates, inc.","research","11-50","united states"
"berkley human services (a berkley company)","insurance","51-200","united states"
"mcgraw-hill federal credit union","financial services","51-200","united states"
"ubby","computer software","11-50","united states"
"conversion technologies international, inc.","information technology and services","11-50","united states"
"voicenation","telecommunications","11-50","united states"
"choice advisory services","individual & family services","11-50","united states"
"luminary labs","management consulting","11-50","united states"
"john paul mitchell systems","cosmetics","501-1000","united states"
"ism, inc.","information technology and services","11-50","united states"
"abba eye care","medical practice","11-50","united states"
"the perry law firm","law practice","11-50","united states"
"servicemaster restore","consumer services","201-500","united states"
"proactive technologies","computer networking","51-200","united states"
"serrano electric, inc.","construction","11-50","united states"
"motoworld of el cajon","e-learning","11-50","united states"
"ignite talks pbc","civic & social organization","11-50","united states"
"agile technologies","information technology and services","51-200","united states"
"derecktor shipyards","maritime","51-200","united states"
"united states luge associaiton","sports","11-50","united states"
"regions insurance","insurance","201-500","united states"
"early learning coalition of brevard county","non-profit organization management","11-50","united states"
"anthem bluecross & blueshield","insurance","201-500","united states"
"coldwell banker waterman realty","real estate","11-50","united states"
"mill contractor and industrial supply","construction","11-50","united states"
"the patnaude group","government relations","11-50","united states"
"rx edge pharmacy networks/leveragepoint media","marketing and advertising","11-50","united states"
"ivy educational services","education management","11-50","united states"
"northwest teambuilding","recreational facilities and services","11-50","united states"
"kiva salon and spa","consumer services","11-50","united states"
"utility trailer sales of idaho","transportation/trucking/railroad","11-50","united states"
"direct dental staffing","hospital & health care","11-50","united states"
"tcc software solutions","information technology and services","201-500","united states"
"surv","security and investigations","11-50","united states"
"lrei","primary/secondary education","201-500","united states"
"stryng","information technology and services","11-50","united states"
"counterterrorism education learning lab (cell)","non-profit organization management","11-50","united states"
"albrecht & barney","law practice","11-50","united states"
"wgn-tv","broadcast media","201-500","united states"
"maytag dairy farms inc","consumer goods","11-50","united states"
"solomon saltsman jamieson","legal services","11-50","united states"
"electrex inc.","electrical/electronic manufacturing","11-50","united states"
"sl green realty corp.","real estate","501-1000","united states"
"tecnics integration technologies private limited","information technology and services","201-500","united states"
"mountaineer keystone, llc","oil & energy","11-50","united states"
"peak teams","management consulting","11-50","united states"
"metro home health care","hospital & health care","51-200","united states"
"new prague high school","primary/secondary education","11-50","united states"
"cinnamon shore","real estate","11-50","united states"
"ides solutions","information technology and services","11-50","united states"
"navy fleet sheets","retail","11-50","united states"
"korman signs, inc.","public safety","11-50","united states"
"allergy and asthma associates","medical practice","51-200","united states"
"rees associates, inc.","marketing and advertising","11-50","united states"
"newport public schools","education management","201-500","united states"
"emax llc","events services","11-50","united states"
"cas","computer software","11-50","united states"
"burton energy group","utilities","11-50","united states"
"artisan dental institute","hospital & health care","11-50","united states"
"themagictouch usa","printing","11-50","united states"
"structures north consulting engineers","civil engineering","11-50","united states"
"lmu career development services","education management","11-50","united states"
"stewart companies","building materials","11-50","united states"
"vortran laser technology, inc.","biotechnology","11-50","united states"
"insight policy research","research","51-200","united states"
"la clínica,tbwa","marketing and advertising","11-50","united states"
"pewabic pottery","arts and crafts","51-200","united states"
"montana department of agriculture","government administration","11-50","united states"
"compass adjusting services","insurance","51-200","united states"
"the center for services leadership","research","11-50","united states"
"reliance partners","insurance","51-200","united states"
"clé","design","11-50","united states"
"united pf partners, llc","health, wellness and fitness","11-50","united states"
"lucerne foods","consumer goods","51-200","united states"
"cobblestone systems corp. - leaders with contract management software!","information technology and services","11-50","united states"
"national catholic development conference","philanthropy","11-50","united states"
"fine art photography","fine art","11-50","united states"
"fdh velocitel","civil engineering","51-200","united states"
"goodwill industries of the valleys","non-profit organization management","201-500","united states"
"micah house","mental health care","11-50","united states"
"heritage estate services","legal services","11-50","united states"
"lee kum kee usa","food production","51-200","united states"
"corky's catering, inc.","food & beverages","11-50","united states"
"south brevard sharing center","individual & family services","11-50","united states"
"western texas college","education management","51-200","united states"
"sano intelligence","health, wellness and fitness","11-50","united states"
"nuclear imaging services, llc","medical devices","11-50","united states"
"holiday tree farms, inc.","farming","11-50","united states"
"sdvi corporation","information technology and services","11-50","united states"
"probility physical therapy","hospital & health care","51-200","united states"
"vj associates","construction","51-200","united states"
"national network for safe communities","public safety","51-200","united states"
"globaltranz","transportation/trucking/railroad","1001-5000","united states"
"your majesty","marketing and advertising","51-200","united states"
"southwest ms regional med ctr","hospital & health care","11-50","united states"
"the seam, llc","financial services","11-50","united states"
"san antonio lighthouse for the blind","textiles","51-200","united states"
"amen clinics, inc.","mental health care","201-500","united states"
"safesplash swim schools - franchisor","health, wellness and fitness","51-200","united states"
"rockwell scientific","defense & space","11-50","united states"
"oswego creative","marketing and advertising","11-50","united states"
"queens economic development corporation","individual & family services","11-50","united states"
"holiday inn university center","hospitality","11-50","united states"
"a&a optical","apparel & fashion","51-200","united states"
"orange county coastkeeper","non-profit organization management","11-50","united states"
"capital cdc","banking","11-50","united states"
"bear communications llc","telecommunications","51-200","united states"
"midal","mechanical or industrial engineering","11-50","united states"
"ascend integrated media, llc","publishing","11-50","united states"
"charlie's motor mall","automotive","11-50","united states"
"greenberg, grant & richards","financial services","51-200","united states"
"digital outdoor advertising","marketing and advertising","11-50","united states"
"rena ware","retail","501-1000","united states"
"eagletech corp.","computer & network security","11-50","united states"
"executive fliteways","airlines/aviation","11-50","united states"
"brenden theatres","motion pictures and film","11-50","united states"
"cherry creek wellness center","health, wellness and fitness","11-50","united states"
"contoural","information technology and services","11-50","united states"
"palm tree llc","venture capital & private equity","11-50","united states"
"zugibe vineyards","wine and spirits","11-50","united states"
"career transition center","non-profit organization management","11-50","united states"
"realty partners llc","real estate","11-50","united states"
"health credit services","financial services","51-200","united states"
"polar tank trailer llc","mechanical or industrial engineering","11-50","united states"
"wright group event services","events services","11-50","united states"
"texas health and science university","higher education","11-50","united states"
"meadow view assisted living","hospital & health care","11-50","united states"
"button hole golf course and teaching center","sports","11-50","united states"
"crosscompute","higher education","11-50","united states"
"southland regional association of realtors","real estate","51-200","united states"
"krugliak, wilkins, griffiths & dougherty co., l.p.a.","legal services","51-200","united states"
"crp industries","automotive","51-200","united states"
"carolina ingredients","food production","11-50","united states"
"greenville county school district","education management","51-200","united states"
"sendyne corp","renewables & environment","11-50","united states"
"launch (formerly cdsa)","education management","11-50","united states"
"parkway surgery center","hospital & health care","11-50","united states"
"davidson legal staffing","staffing and recruiting","11-50","united states"
"golden realty & management","real estate","11-50","united states"
"dreammaker bath & kitchen","design","51-200","united states"
"greenridge senior care","hospital & health care","11-50","united states"
"sch realty","real estate","11-50","united states"
"hustler hollywood","retail","51-200","united states"
"earnest & associates","computer software","51-200","united states"
"gd ad design, llc","graphic design","11-50","united states"
"new century careers","non-profit organization management","11-50","united states"
"alsco","textiles","1001-5000","united states"
"actifio","information technology and services","501-1000","united states"
"top finance company","financial services","51-200","united states"
"ac propulsion, inc.","automotive","11-50","united states"
"seatuck environmental association","education management","11-50","united states"
"pirtek metro detroit","mechanical or industrial engineering","11-50","united states"
"u.s. gain, a division of u.s. venture","oil & energy","11-50","united states"
"the diamond group","financial services","11-50","united states"
"msf real estate capital","financial services","11-50","united states"
"siena farms","farming","11-50","united states"
"urban atlantic","real estate","11-50","united states"
"okaloosa county school system","education management","51-200","united states"
"interior impressions","design","11-50","united states"
"on the mark communications, llc","marketing and advertising","11-50","united states"
"allen technologies","hospital & health care","51-200","united states"
"moore consulting","government relations","11-50","united states"
"the oped project","non-profit organization management","11-50","united states"
"lendistry","financial services","11-50","united states"
"american public health association","non-profit organization management","201-500","united states"
"adept solutions inc","staffing and recruiting","11-50","united states"
"effective environmental, inc.","environmental services","11-50","united states"
"staffjoy","logistics and supply chain","11-50","united states"
"terranomics retail services","real estate","11-50","united states"
"first defense legal aid","legal services","11-50","united states"
"october films","media production","51-200","united states"
"ithaca college","higher education","1001-5000","united states"
"shepherd financial, llc","financial services","11-50","united states"
"edwards cast stone","building materials","11-50","united states"
"murphy desmond s.c.","legal services","51-200","united states"
"ymca of greater richmond","recreational facilities and services","501-1000","united states"
"skywalker holdings","sporting goods","11-50","united states"
"snyder cohn","accounting","51-200","united states"
"kemtron technologies","machinery","11-50","united states"
"chicos fashions","retail","11-50","united states"
"ais-southern california and nevada","information technology and services","11-50","united states"
"agrisource data","farming","11-50","united states"
"federal international, inc.","renewables & environment","51-200","united states"
"fountainhead college of technology","higher education","51-200","united states"
"bricz","logistics and supply chain","11-50","united states"
"alta mesa resources","oil & energy","201-500","united states"
"anthropologie","retail","5001-10000","united states"
"herman electronics","logistics and supply chain","11-50","united states"
"mixpo","marketing and advertising","11-50","united states"
"agency labs","marketing and advertising","11-50","united states"
"green apple barter","banking","11-50","united states"
"bowers & associates","insurance","11-50","united states"
"linguistic data consortium","research","51-200","united states"
"xirect software solutions","computer software","11-50","united states"
"the norwich free academy","education management","201-500","united states"
"vituity practice management","hospital & health care","51-200","united states"
"reyes coca-cola bottling","food & beverages","201-500","united states"
"ios health systems","information technology and services","11-50","united states"
"smrxt","information technology and services","11-50","united states"
"boston center for the arts","performing arts","51-200","united states"
"astro sheet metal co, inc.","construction","11-50","united states"
"rocky heights print and binding","printing","11-50","united states"
"maykke","internet","11-50","united states"
"escambia county fire & rescue","public safety","11-50","united states"
"town hall seattle","events services","11-50","united states"
"tko artist management","music","11-50","united states"
"wa air reps","construction","11-50","united states"
"gemeente harlingen","government administration","51-200","united states"
"synergy electric, inc","construction","11-50","united states"
"tachtech","computer networking","11-50","united states"
"cardpool.com","consumer goods","11-50","united states"
"p3i, incorporated","defense & space","51-200","united states"
"hydraulics international, inc.","mechanical or industrial engineering","51-200","united states"
"business management personnel","staffing and recruiting","11-50","united states"
"logics solutions","government administration","11-50","united states"
"laredo petroleum, inc.","oil & energy","201-500","united states"
"locust grove high school","education management","11-50","united states"
"teshmedia group","entertainment","11-50","united states"
"rialto square theatre","performing arts","11-50","united states"
"catalyst","marketing and advertising","51-200","united states"
"windham group","insurance","51-200","united states"
"ordereze","marketing and advertising","51-200","united states"
"seventh day adventist school","computer & network security","11-50","united states"
"sellethics marketing group","wholesale","51-200","united states"
"mccue corporation","building materials","51-200","united states"
"educational service unit no. 11","education management","51-200","united states"
"berg electric","construction","51-200","united states"
"playstation network at home","publishing","11-50","united states"
"franchoice","professional training & coaching","51-200","united states"
"hispanic network magazine","publishing","11-50","united states"
"triangle direct media","marketing and advertising","11-50","united states"
"van son holland ink corporation of america","printing","11-50","united states"
"pavsner press","printing","11-50","united states"
"epic church philly","religious institutions","11-50","united states"
"listen and talk","primary/secondary education","11-50","united states"
"alliance tank service","construction","11-50","united states"
"genesee country village & museum","museums and institutions","11-50","united states"
"students for education reform","primary/secondary education","51-200","united states"
"reqroute, inc","staffing and recruiting","51-200","united states"
"cubii","health, wellness and fitness","11-50","united states"
"aviza technology","semiconductors","51-200","united states"
"thor","information technology and services","201-500","united states"
"ymca of greater omaha","non-profit organization management","201-500","united states"
"cleancut technologies","medical devices","51-200","united states"
"milark industries, inc","automotive","11-50","united states"
"justine petersen","civic & social organization","51-200","united states"
"patzik frank and samotny ltd.","law practice","11-50","united states"
"nextworld.net","computer software","51-200","united states"
"physicians angels inc","hospital & health care","51-200","united states"
"loren d. stark company, inc.","financial services","11-50","united states"
"lafayette galleries","consumer goods","11-50","united states"
"skystorm productions","media production","11-50","united states"
"hawaii residency programs","marketing and advertising","11-50","united states"
"convergence technology consulting","information technology and services","11-50","united states"
"howard's rug company of san diego","construction","11-50","united states"
"buxton construction","construction","51-200","united states"
"mentoring minds, lp","publishing","51-200","united states"
"wyche, p.a.","law practice","51-200","united states"
"c & c security patrol","security and investigations","11-50","united states"
"town of barnstable","government administration","201-500","united states"
"intermark group","marketing and advertising","51-200","united states"
"honeoye falls lima middle schl","education management","11-50","united states"
"saltstack","information technology and services","51-200","united states"
"knoxville tva employees credit union","banking","51-200","united states"
"combined insurance services, inc.","insurance","51-200","united states"
"ozone water systems, inc.","mechanical or industrial engineering","11-50","united states"
"gensler","architecture & planning","5001-10000","united states"
"balance health +  wellness","health, wellness and fitness","11-50","united states"
"echo construction l.l.c.","construction","11-50","united states"
"dalton & tomich, plc","law practice","11-50","united states"
"eau claire golf & country club","hospitality","11-50","united states"
"masters building products","building materials","11-50","united states"
"friars club","entertainment","11-50","united states"
"moore fire protection","construction","11-50","united states"
"sales empowerment group, llc","professional training & coaching","11-50","united states"
"rfc","financial services","201-500","united states"
"modere","retail","1001-5000","united states"
"innovative lease services","financial services","11-50","united states"
"lakeshore athletic club","health, wellness and fitness","51-200","united states"
"boisset collection","wine and spirits","201-500","united states"
"first national bank the uncommon bank","banking","11-50","united states"
"the bogliasco foundation","non-profit organization management","11-50","united states"
"shop and save","marketing and advertising","11-50","united states"
"united skates of america inc.","entertainment","51-200","united states"
"performance consulting associates inc.","management consulting","11-50","united states"
"gurley leep automotive group","automotive","51-200","united states"
"globo plc","information technology and services","11-50","united states"
"globiox","biotechnology","11-50","united states"
"san antonio federal credit union","financial services","51-200","united states"
"ncqa","hospital & health care","501-1000","united states"
"krtv","broadcast media","51-200","united states"
"united group engineering & contracting","mechanical or industrial engineering","11-50","united states"
"fremont public schools","primary/secondary education","201-500","united states"
"kin properties inc","commercial real estate","51-200","united states"
"thales defense & security, inc.","defense & space","51-200","united states"
"national medical resources","medical practice","11-50","united states"
"alliance of chicago community health services","health, wellness and fitness","11-50","united states"
"carico international","consumer services","201-500","united states"
"fairfield veterinary hospital","veterinary","11-50","united states"
"orange coast womens medical","health, wellness and fitness","11-50","united states"
"st. stephen's episcopal school houston","primary/secondary education","11-50","united states"
"eni petroleum co inc","oil & energy","11-50","united states"
"shoff darby companies","insurance","51-200","united states"
"yates industries inc.,","machinery","51-200","united states"
"springfield symphony orchestra","music","11-50","united states"
"biodelivery sciences international inc (bd5)","pharmaceuticals","51-200","united states"
"franklin township board of education","education management","501-1000","united states"
"lehrer designs, inc.","luxury goods & jewelry","11-50","united states"
"selective site consultants, inc.(""ssc"")","wireless","51-200","united states"
"bladen county health dept","hospital & health care","11-50","united states"
"utah warriors rugby","sports","11-50","united states"
"smith transportation services, inc.","transportation/trucking/railroad","11-50","united states"
"geoquant","information technology and services","11-50","united states"
"dave jones realty llc","real estate","11-50","united states"
"roostify","internet","51-200","united states"
"globespan capital partners","venture capital & private equity","11-50","united states"
"high school cube","broadcast media","51-200","united states"
"aa cleaning company, inc.","facilities services","11-50","united states"
"louisville stoneware","retail","11-50","united states"
"t3 trading group, llc","financial services","201-500","united states"
"tabit - restaurant technologies","information technology and services","11-50","united states"
"fti consulting","management consulting","5001-10000","united states"
"dwellworks","real estate","501-1000","united states"
"iic partners","human resources","51-200","united states"
"crewsafe®","design","11-50","united states"
"control concepts","facilities services","11-50","united states"
"e4sciences , earthworks, llc","environmental services","11-50","united states"
"re/max professionals","real estate","51-200","united states"
"institute for workforce education - st. augustine college","education management","11-50","united states"
"sirenas","biotechnology","11-50","united states"
"cottage hill christian academy","education management","11-50","united states"
"the middleberg riddle group","legal services","11-50","united states"
"ehp","construction","11-50","united states"
"the sentinel-record","newspapers","11-50","united states"
"napps technology corporation","machinery","11-50","united states"
"aero-flex corp","aviation & aerospace","11-50","united states"
"northern physical therapy services","health, wellness and fitness","51-200","united states"
"it works! inc.","information technology and services","11-50","united states"
"impact construction management llc","construction","11-50","united states"
"spark learning","education management","11-50","united states"
"goode compliance international","medical devices","11-50","united states"
"auto parts network®","automotive","51-200","united states"
"city of santa rosa","government administration","501-1000","united states"
"severson & werson","law practice","201-500","united states"
"atlantic realty professionals, inc.","real estate","11-50","united states"
"poyant signs, inc.","marketing and advertising","51-200","united states"
"regional alternative school","education management","11-50","united states"
"diamond healthcare","hospital & health care","201-500","united states"
"encore magazine","writing and editing","11-50","united states"
"bvk","marketing and advertising","201-500","united states"
"house rabbit network","veterinary","11-50","united states"
"government leasing, llc","financial services","11-50","united states"
"hydramaster","machinery","11-50","united states"
"rise wisconsin","non-profit organization management","11-50","united states"
"turning point community programs","mental health care","51-200","united states"
"beacon associates, inc.","management consulting","51-200","united states"
"budget marine","retail","11-50","united states"
"one pr studio","public relations and communications","11-50","united states"
"denovo, llc","management consulting","11-50","united states"
"family endeavors, inc.","civic & social organization","51-200","united states"
"brewpublik","food & beverages","11-50","united states"
"guardian building products","building materials","201-500","united states"
"dalton wholesale floors","retail","11-50","united states"
"magi real estate","commercial real estate","11-50","united states"
"bishop chatard high school","non-profit organization management","51-200","united states"
"nautical structures industries","maritime","51-200","united states"
"sun kool air conditioning","construction","11-50","united states"
"purrfect pals","non-profit organization management","11-50","united states"
"bicycles plus","retail","11-50","united states"
"cenveo","printing","1001-5000","united states"
"nyc teaching collaborative","education management","51-200","united states"
"rignet","oil & energy","501-1000","united states"
"abba staffing & consulting","human resources","11-50","united states"
"bell language school","education management","11-50","united states"
"rms group services","financial services","11-50","united states"
"kentwood real estate","real estate","201-500","united states"
"king roofing llc","construction","11-50","united states"
"dealer capital services","automotive","11-50","united states"
"background investigation bureau (bib)","security and investigations","11-50","united states"
"code for fun","education management","11-50","united states"
"associated general contractors of minnesota","construction","11-50","united states"
"graduate school of biomedical sciences at the university of texas health science center san antonio","higher education","11-50","united states"
"the newtron group llc","construction","51-200","united states"
"sevan multi-site solutions","construction","201-500","united states"
"southeasthealth","hospital & health care","201-500","united states"
"parks jones realty","real estate","11-50","united states"
"mabbly","marketing and advertising","51-200","united states"
"strategic insight group (sig)","research","11-50","united states"
"premium technology inc","financial services","51-200","united states"
"giowine","wine and spirits","11-50","united states"
"underwater resources inc.","construction","11-50","united states"
"ibuttonlink, llc","environmental services","11-50","united states"
"axguru","information technology and services","11-50","united states"
"nasba","accounting","201-500","united states"
"gastroenterology associates of gainesville","medical practice","11-50","united states"
"cross street partners llc","real estate","11-50","united states"
"therapeutic pathways, inc./the kendall centers","mental health care","51-200","united states"
"media vista group","broadcast media","11-50","united states"
"akron municipal court","judiciary","51-200","united states"
"coldwell banker the real estate group","real estate","501-1000","united states"
"gold medal physical thrpy llc","health, wellness and fitness","11-50","united states"
"continuserve","outsourcing/offshoring","51-200","united states"
"teranova consulting group","telecommunications","11-50","united states"
"l&e international","packaging and containers","51-200","united states"
"nova office strategies","legal services","11-50","united states"
"a touch of class limousine service","transportation/trucking/railroad","11-50","united states"
"p9 design","design","11-50","united states"
"oss health","hospital & health care","201-500","united states"
"treystar","commercial real estate","11-50","united states"
"plan b communications","marketing and advertising","11-50","united states"
"good heart recovery","mental health care","11-50","united states"
"penn state dance marathon","fund-raising","51-200","united states"
"daytona toyota","automotive","11-50","united states"
"fit3d","health, wellness and fitness","11-50","united states"
"on any given monday","management consulting","11-50","united states"
"central turf & irrigation supply","wholesale","51-200","united states"
"space307","information technology and services","11-50","united states"
"network for regional healthcare improvement (nrhi)","non-profit organization management","11-50","united states"
"premier health care","health, wellness and fitness","11-50","united states"
"cauldron","computer games","11-50","united states"
"tvgm holdings, llc","publishing","11-50","united states"
"dynaquest","information technology and services","11-50","united states"
"enervex inc.","mechanical or industrial engineering","11-50","united states"
"patriot construction, inc.","construction","11-50","united states"
"leedstone (formerly stearns veterinary outlet and pharmacy)","dairy","11-50","united states"
"ham produce co., inc.","food production","11-50","united states"
"leap innovations","e-learning","11-50","united states"
"aquiline capital partners","financial services","51-200","united states"
"l2tmedia","marketing and advertising","51-200","united states"
"beyond batten disease foundation","research","11-50","united states"
"softmatch","venture capital & private equity","11-50","united states"
"vemics inc. (changing name to imedicor)","computer software","11-50","united states"
"what's trending","entertainment","11-50","united states"
"r&d systems","biotechnology","501-1000","united states"
"middle peninsula insurance agency","insurance","11-50","united states"
"capossela, cohen, llc","accounting","11-50","united states"
"pacific premier bank","banking","501-1000","united states"
"penn state learning","higher education","11-50","united states"
"siteseer technologies","information technology and services","11-50","united states"
"refuse specialists","management consulting","51-200","united states"
"parchment inc.","computer software","51-200","united states"
"cortland company","oil & energy","51-200","united states"
"iowa realty","real estate","1001-5000","united states"
"orange advisory","management consulting","51-200","united states"
"bexar metropolitan water district","utilities","11-50","united states"
"convey health solutions","hospital & health care","501-1000","united states"
"the sanders group","marketing and advertising","11-50","united states"
"bulk tv & internet","information technology and services","51-200","united states"
"kalkreuth roofing & sheet metal, inc.","construction","51-200","united states"
"advantage on call, llc","hospital & health care","51-200","united states"
"strategic america","marketing and advertising","201-500","united states"
"pearson smith realty","real estate","501-1000","united states"
"slidell oil co., llc","chemicals","11-50","united states"
"task force x capital management","venture capital & private equity","11-50","united states"
"precision property measurements (ppm)","architecture & planning","11-50","united states"
"red dot entertainment","entertainment","11-50","united states"
"alert solutions","information technology and services","11-50","united states"
"asi business group inc.","marketing and advertising","11-50","united states"
"matrix packaging machinery, inc.","machinery","11-50","united states"
"wolf paving company","construction","51-200","united states"
"and 1","sporting goods","11-50","united states"
"opportunity center","non-profit organization management","11-50","united states"
"fulton county school district","education management","11-50","united states"
"wts paradigm","computer software","51-200","united states"
"bill kolb jr subaru inc","automotive","11-50","united states"
"woodco usa","oil & energy","11-50","united states"
"harlem united","non-profit organization management","201-500","united states"
"title partners, llc","real estate","11-50","united states"
"keller williams realty mclean, virginia","real estate","11-50","united states"
"kathleen senior high school","primary/secondary education","11-50","united states"
"thought development corp.","computer software","11-50","united states"
"fantastic sams hair salon","internet","51-200","united states"
"qed technologies","machinery","51-200","united states"
"schaffer consulting","management consulting","11-50","united states"
"todimo","retail","51-200","united states"
"diamond state freight","transportation/trucking/railroad","11-50","united states"
"aca engineering, inc.","civil engineering","11-50","united states"
"smart energy","renewables & environment","11-50","united states"
"eloquentix","internet","51-200","united states"
"princeton property management","real estate","51-200","united states"
"lumatax","internet","11-50","united states"
"pacer physical therapy","health, wellness and fitness","11-50","united states"
"r.e.y. engineers, inc.","civil engineering","51-200","united states"
"accountability plus, inc.","accounting","11-50","united states"
"leone halpin, llp","law practice","11-50","united states"
"blacklake security","computer & network security","11-50","united states"
"pama management","marketing and advertising","11-50","united states"
"bluewater broadcasting","broadcast media","11-50","united states"
"nightlight christian adoptions","individual & family services","11-50","united states"
"future cis, corp.","information technology and services","11-50","united states"
"marquette associates","financial services","51-200","united states"
"belinda stewart architects, p.a.","architecture & planning","11-50","united states"
"rivier university","higher education","501-1000","united states"
"appnexus","internet","1001-5000","united states"
"davis demographics","education management","11-50","united states"
"webb devlam","design","51-200","united states"
"public telecommunication company (bravo!)","telecommunications","51-200","united states"
"em cosmetics","cosmetics","11-50","united states"
"rm mechanical, inc","facilities services","11-50","united states"
"yogafit studios","health, wellness and fitness","51-200","united states"
"engine alliance","aviation & aerospace","11-50","united states"
"stellar services","information technology and services","51-200","united states"
"jireh technologies limited","information technology and services","11-50","united states"
"bridgeport spaulding","education management","11-50","united states"
"nn, inc.","automotive","201-500","united states"
"easton middle school","education management","11-50","united states"
"maricopa integrated health system","hospital & health care","1001-5000","united states"
"bellmore merrick school dist","higher education","51-200","united states"
"national board for professional teaching standards","primary/secondary education","201-500","united states"
"fire protection, inc","construction","11-50","united states"
"smart choice payments","internet","11-50","united states"
"international thermodyne","oil & energy","11-50","united states"
"moscow & pullman building supply","retail","11-50","united states"
"west berkshire council","government administration","501-1000","united states"
"hda merchandising","retail","51-200","united states"
"virginia tech","higher education","10001+","united states"
"everase","business supplies and equipment","11-50","united states"
"ua wood floors, inc.","building materials","11-50","united states"
"sunbelt business brokers","management consulting","11-50","united states"
"christopher lobas architects, p.c.","architecture & planning","11-50","united states"
"emotorwerks, inc","electrical/electronic manufacturing","51-200","united states"
"phil-mont christian academy","education management","11-50","united states"
"southern self storage","consumer services","11-50","united states"
"lanhome technologies","information technology and services","11-50","united states"
"global services","management consulting","11-50","united states"
"clinic service corporation","hospital & health care","51-200","united states"
"keyes north atlantic, inc.","construction","51-200","united states"
"atlanta flooring design centers, inc.","construction","51-200","united states"
"toto usa","consumer goods","501-1000","united states"
"dodson brothers pest control","human resources","11-50","united states"
"the iberian pig","restaurants","11-50","united states"
"landmark credit union","banking","201-500","united states"
"single stop","individual & family services","51-200","united states"
"transworld media","media production","11-50","united states"
"the wise company","maritime","11-50","united states"
"perdido beach resort","hospitality","51-200","united states"
"baron & baron","design","51-200","united states"
"german marshall fund","international affairs","11-50","united states"
"qore property sciences","environmental services","11-50","united states"
"spa sydell","health, wellness and fitness","51-200","united states"
"best care pharmacy","pharmaceuticals","11-50","united states"
"fowler high precision","wholesale","11-50","united states"
"safe ira investments","investment management","11-50","united states"
"allied outdoor solutions","construction","11-50","united states"
"security financial management","financial services","11-50","united states"
"mina group","hospitality","51-200","united states"
"connections of new york","staffing and recruiting","11-50","united states"
"autry technology center","education management","51-200","united states"
"steel fabricators llc","construction","51-200","united states"
"v-suites furnished apartments","real estate","11-50","united states"
"thoughtly crew","market research","11-50","united states"
"gex management, inc.","staffing and recruiting","11-50","united states"
"little brothers - friends of the elderly","non-profit organization management","51-200","united states"
"casson duncan construction","construction","11-50","united states"
"intellicents","financial services","11-50","united states"
"new york city civil court","legal services","11-50","united states"
"great eastern group, inc","maritime","11-50","united states"
"phoenix children's academy","education management","201-500","united states"
"health in harmony","environmental services","11-50","united states"
"provista diagnostics, inc","biotechnology","11-50","united states"
"mission microwave technologies","defense & space","11-50","united states"
"tri state sports","marketing and advertising","11-50","united states"
"m.w. saussé & co., inc.","civil engineering","11-50","united states"
"cyntrx","information technology and services","11-50","united states"
"valkyrie enterprises","defense & space","201-500","united states"
"compass family services","non-profit organization management","51-200","united states"
"tsp texas specialty products","building materials","11-50","united states"
"bright beginnings preschool","education management","51-200","united states"
"b.j. baldwin inc","construction","11-50","united states"
"dantex construction co","construction","11-50","united states"
"storey kenworthy","business supplies and equipment","51-200","united states"
"southern title insurance corp.","insurance","11-50","united states"
"out front","marketing and advertising","11-50","united states"
"amazing studios","media production","11-50","united states"
"advanced chiropractic wellness center, inc.","health, wellness and fitness","11-50","united states"
"itriage, llc","hospital & health care","11-50","united states"
"united pacific designs","wholesale","11-50","united states"
"the dry cleaner by val","insurance","11-50","united states"
"stampington & company","publishing","11-50","united states"
"the ready project","food production","11-50","united states"
"hochberg preparatory school","education management","11-50","united states"
"friedl richardson","law practice","11-50","united states"
"orr protection systems","construction","201-500","united states"
"coral world ocean park","entertainment","11-50","united states"
"science of beer","food & beverages","11-50","united states"
"place2b","internet","11-50","united states"
"brady law group","law practice","11-50","united states"
"briarcliff animal clinic","veterinary","11-50","united states"
"northeast seminars","education management","11-50","united states"
"feh design","architecture & planning","11-50","united states"
"luxury rentals miami beach","leisure, travel & tourism","11-50","united states"
"siren staffing","staffing and recruiting","11-50","united states"
"mendham fire department","public safety","11-50","united states"
"dynacraft bsc","wholesale","51-200","united states"
"nader's pest raiders, inc.","consumer services","11-50","united states"
"illinois bis","professional training & coaching","11-50","united states"
"hernando pasco hospice","hospital & health care","11-50","united states"
"elocal.com","internet","51-200","united states"
"pie five pizza co","restaurants","51-200","united states"
"southern bleacher company","construction","11-50","united states"
"atlas distributing, inc.","wholesale","51-200","united states"
"l. kianoff & associates, inc.","information technology and services","11-50","united states"
"applied biocode inc.","biotechnology","11-50","united states"
"4th force reconnaissance company","military","11-50","united states"
"conrad's tire express and total car care","automotive","51-200","united states"
"cjbs, llc","accounting","51-200","united states"
"upstack.co","information technology and services","51-200","united states"
"city of indian wells city hall","government administration","11-50","united states"
"sea tv","photography","11-50","united states"
"ucsg inc","investment banking","11-50","united states"
"sponge-jet, inc.","machinery","11-50","united states"
"artjoker web development company","information technology and services","51-200","united states"
"prime investment","investment banking","11-50","united states"
"mortgages first","financial services","11-50","united states"
"transplace","logistics and supply chain","1001-5000","united states"
"park avenue mortgage group","financial services","11-50","united states"
"nicolet plastics, inc","plastics","11-50","united states"
"semester at sea / ise","education management","51-200","united states"
"impact photographics","publishing","11-50","united states"
"wilco","retail","201-500","united states"
"financial recovery services","financial services","51-200","united states"
"the contributor","newspapers","11-50","united states"
"aero fluid products","airlines/aviation","51-200","united states"
"backline","civic & social organization","11-50","united states"
"hutchinson oil company inc","retail","11-50","united states"
"pumptech","construction","11-50","united states"
"lumica lighting","international trade and development","11-50","united states"
"rocky mountain children's health foundation","individual & family services","11-50","united states"
"ijus","utilities","201-500","united states"
"machine tools supply","logistics and supply chain","51-200","united states"
"lighthouse homecare","hospital & health care","11-50","united states"
"rolling hills hospital, llc","hospital & health care","51-200","united states"
"equify, llc","financial services","51-200","united states"
"nrc research institute","research","11-50","united states"
"woods rogers plc","law practice","51-200","united states"
"bon appetite","restaurants","11-50","united states"
"shoreline realty","real estate","11-50","united states"
"re/max elite","real estate","51-200","united states"
"taboil corporation llc","oil & energy","11-50","united states"
"privatelabelsk.in","cosmetics","11-50","united states"
"kmj consulting, inc.","civil engineering","11-50","united states"
"alive church","religious institutions","11-50","united states"
"rynohlive","computer software","11-50","united states"
"leader dogs for the blind","non-profit organization management","51-200","united states"
"asset engineering","utilities","11-50","united states"
"benedictine sisters of perpetual adoration","religious institutions","11-50","united states"
"kingley health","health, wellness and fitness","11-50","united states"
"wireless ronin technologies","computer software","11-50","united states"
"trimas corporation","packaging and containers","201-500","united states"
"aryx therapeutics","pharmaceuticals","11-50","united states"
"lip ink international","cosmetics","11-50","united states"
"welikesmall","internet","11-50","united states"
"south coast surety","insurance","11-50","united states"
"ipm integrated project management company, inc.","management consulting","201-500","united states"
"smith hill partners","staffing and recruiting","11-50","united states"
"guthy,renker","marketing and advertising","201-500","united states"
"finserv consulting","management consulting","11-50","united states"
"paramount windows corp.","building materials","11-50","united states"
"the customer advantage","marketing and advertising","51-200","united states"
"total health care, inc.","hospital & health care","51-200","united states"
"allmand law firm pllc","law practice","11-50","united states"
"runways the talent group","entertainment","11-50","united states"
"burdeens jewelry ltd","retail","11-50","united states"
"the autism channel","broadcast media","11-50","united states"
"coastline baptist church","religious institutions","11-50","united states"
"united mechanical, inc","mechanical or industrial engineering","11-50","united states"
"tmg - talent management group, inc.","marketing and advertising","51-200","united states"
"starnews media","publishing","51-200","united states"
"marubeni america corporation","financial services","51-200","united states"
"faris lee investments","commercial real estate","11-50","united states"
"ahbe landscape architects","architecture & planning","11-50","united states"
"adventist health white memorial","hospital & health care","51-200","united states"
"advance central services, inc.","media production","201-500","united states"
"ethertronics","wireless","51-200","united states"
"amarillo family ymca","non-profit organization management","11-50","united states"
"infobionic, inc.","medical devices","11-50","united states"
"united launch alliance (ula)","defense & space","1001-5000","united states"
"katsur dental","hospital & health care","11-50","united states"
"mcgrory glass","glass, ceramics & concrete","51-200","united states"
"farmers pride inc. (dba bell & evans)","consumer goods","51-200","united states"
"volkswagen of oakland","automotive","11-50","united states"
"american living, inc.","construction","11-50","united states"
"rrc associates","market research","11-50","united states"
"pay-tech, inc.","accounting","11-50","united states"
"platinum entertainment group","entertainment","11-50","united states"
"delaware county daily times","newspapers","51-200","united states"
"amp motors","automotive","11-50","united states"
